<profile version="1.0">
  <option name="myName" value="Default" />
  <inspection_tool class="BashSimpleVarUsage" enabled="false" level="WEAK WARNING" enabled_by_default="false" />
  <inspection_tool class="Eslint" enabled="true" level="ERROR" enabled_by_default="true" />
  <inspection_tool class="PyInterpreterInspection" enabled="false" level="WARNING" enabled_by_default="false" />
  <inspection_tool class="PyPackageRequirementsInspection" enabled="false" level="WARNING" enabled_by_default="false">
    <option name="ignoredPackages">
      <value>
        <list size="39">
          <item index="0" class="java.lang.String" itemvalue="jinja2" />
          <item index="1" class="java.lang.String" itemvalue="pyyaml" />
          <item index="2" class="java.lang.String" itemvalue="webapp2" />
          <item index="3" class="java.lang.String" itemvalue="protorpc" />
          <item index="4" class="java.lang.String" itemvalue="lxml" />
          <item index="5" class="java.lang.String" itemvalue="webob" />
          <item index="6" class="java.lang.String" itemvalue="pycrypto" />
          <item index="7" class="java.lang.String" itemvalue="markupsafe" />
          <item index="8" class="java.lang.String" itemvalue="Pillow" />
          <item index="9" class="java.lang.String" itemvalue="PyJWT" />
          <item index="10" class="java.lang.String" itemvalue="markii" />
          <item index="11" class="java.lang.String" itemvalue="remote_pdb" />
          <item index="12" class="java.lang.String" itemvalue="raven" />
          <item index="13" class="java.lang.String" itemvalue="falcon" />
          <item index="14" class="java.lang.String" itemvalue="python-dateutil" />
          <item index="15" class="java.lang.String" itemvalue="peregrine" />
          <item index="16" class="java.lang.String" itemvalue="requests" />
          <item index="17" class="java.lang.String" itemvalue="transitions" />
          <item index="18" class="java.lang.String" itemvalue="requests_toolbelt" />
          <item index="19" class="java.lang.String" itemvalue="simplejson" />
          <item index="20" class="java.lang.String" itemvalue="analytics_client" />
          <item index="21" class="java.lang.String" itemvalue="braintree" />
          <item index="22" class="java.lang.String" itemvalue="measure" />
          <item index="23" class="java.lang.String" itemvalue="req_client" />
          <item index="24" class="java.lang.String" itemvalue="stripe" />
          <item index="25" class="java.lang.String" itemvalue="shortuuid" />
          <item index="26" class="java.lang.String" itemvalue="urllib3" />
          <item index="27" class="java.lang.String" itemvalue="developer_client" />
          <item index="28" class="java.lang.String" itemvalue="req" />
          <item index="29" class="java.lang.String" itemvalue="kronos_client" />
          <item index="30" class="java.lang.String" itemvalue="dnspython" />
          <item index="31" class="java.lang.String" itemvalue="bread" />
          <item index="32" class="java.lang.String" itemvalue="econfig" />
          <item index="33" class="java.lang.String" itemvalue="cython" />
          <item index="34" class="java.lang.String" itemvalue="celery[librabbitmq]" />
          <item index="35" class="java.lang.String" itemvalue="req_slate" />
          <item index="36" class="java.lang.String" itemvalue="lerna" />
          <item index="37" class="java.lang.String" itemvalue="fresh_bread" />
          <item index="38" class="java.lang.String" itemvalue="reign_client" />
        </list>
      </value>
    </option>
  </inspection_tool>
  <inspection_tool class="SpellCheckingInspection" enabled="false" level="TYPO" enabled_by_default="false">
    <option name="processCode" value="true" />
    <option name="processLiterals" value="true" />
    <option name="processComments" value="true" />
  </inspection_tool>
  <inspection_tool class="SqlDialectInspection" enabled="false" level="WARNING" enabled_by_default="false" />
  <inspection_tool class="SqlNoDataSourceInspection" enabled="false" level="WARNING" enabled_by_default="false" />
  <inspection_tool class="SqlStorageInspection" enabled="false" level="WARNING" enabled_by_default="false" />
  <inspection_tool class="UseStrict" enabled="false" level="WARNING" enabled_by_default="false" />
  <inspection_tool class="UseWarnings" enabled="false" level="WARNING" enabled_by_default="false" />
</profile>