<application>
  <component name="libraryTable">
    <library name="client" type="javaScript">
      <properties>
        <sourceFilesUrls>
          <item url="file://$APPLICATION_CONFIG_DIR$/javascript/extLibs/http_apis.google.com_js_client.js" />
        </sourceFilesUrls>
      </properties>
      <CLASSES>
        <root url="file://$APPLICATION_CONFIG_DIR$/javascript/extLibs/http_apis.google.com_js_client.js" />
      </CLASSES>
      <SOURCES />
    </library>
    <library name="jquery" type="javaScript">
      <properties>
        <option name="frameworkName" value="jQuery" />
        <option name="frameworkVersion" value="1.7.2" />
        <sourceFilesUrls>
          <item url="file://$APPLICATION_CONFIG_DIR$/javascript/extLibs/http_ajax.googleapis.com_ajax_libs_jquery_1.7.2_jquery.js" />
        </sourceFilesUrls>
      </properties>
      <CLASSES>
        <root url="file://$APPLICATION_CONFIG_DIR$/javascript/extLibs/http_ajax.googleapis.com_ajax_libs_jquery_1.7.2_jquery.js" />
      </CLASSES>
      <DOCUMENTATION>
        <root url="http://api.jquery.com" />
      </DOCUMENTATION>
      <SOURCES />
    </library>
  </component>
</application>