<application>
  <component name="FileTypeManager" version="17">
    <ignoreFiles list="*$py.class;*.hprof;*.pyc;*.pyo;*.rbc;*.yarb;*~;.DS_Store;.git;.hg;.svn;CVS;RCS;SCCS;__pycache__;_svn;rcs;vssver.scc;vssver2.scc;" />
    <extensionMap>
      <mapping pattern="Dockerfile_*" type="Dockerfile" />
      <mapping pattern="*.js.flow" type="Flow" />
      <mapping pattern="*.js.flow" type="Flow" />
      <mapping ext="j2" type="Jinja2" />
      <mapping ext="tmpl" type="Mako" />
      <mapping pattern="id_rsa" type="PLAIN_TEXT" />
      <mapping pattern="local_console" type="PLAIN_TEXT" />
      <mapping pattern="local_python_interpreter" type="PLAIN_TEXT" />
      <mapping pattern="dev_vagrant" type="PLAIN_TEXT" />
      <mapping pattern="01-05-2017%2F01-05-2017%2Faccounts" type="PLAIN_TEXT" />
      <mapping pattern="bitbucket_v2_pullrequest_create_headers" type="PLAIN_TEXT" />
      <mapping pattern="auth" type="PLAIN_TEXT" />
      <mapping pattern="build" type="PLAIN_TEXT" />
      <mapping pattern="bitbucket_v2_pullrequest_update_headers" type="PLAIN_TEXT" />
      <mapping pattern=".coveragerc" type="PLAIN_TEXT" />
      <mapping pattern="tmp" type="PLAIN_TEXT" />
      <mapping pattern="notes" type="PLAIN_TEXT" />
      <mapping ext="pub" type="PLAIN_TEXT" />
      <mapping ext="default" type="PLAIN_TEXT" />
      <mapping ext="schema" type="PLAIN_TEXT" />
      <removed_mapping ext="cmd" approved="true" type="PLAIN_TEXT" />
      <removed_mapping ext="bat" approved="true" type="PLAIN_TEXT" />
      <removed_mapping ext="log" approved="true" type="PLAIN_TEXT" />
      <removed_mapping pattern="Jenkinsfile" approved="true" type="PLAIN_TEXT" />
      <removed_mapping ext="bat" approved="true" type="PLAIN_TEXT" />
      <removed_mapping ext="log" approved="true" type="PLAIN_TEXT" />
      <removed_mapping ext="dockerfile" approved="true" type="textmate" />
      <removed_mapping ext="makefile" approved="true" type="textmate" />
      <removed_mapping ext="conf" approved="true" type="PLAIN_TEXT" />
      <removed_mapping ext="cmd" approved="true" type="PLAIN_TEXT" />
      <removed_mapping ext="snakefile" approved="true" type="textmate" />
      <mapping pattern=".gitignore_global" type="Git file" />
      <mapping pattern="outputcsv" type="TSLint" />
    </extensionMap>
  </component>
</application>