<application>
  <component name="IntentionManagerSettings">
    <ignoreAction name="JavaScript/ECMAScript 6/Change ES6 import " />
    <ignoreAction name="JavaScript/ECMAScript 6/Convert 'forEach' to 'for..of'" />
    <ignoreAction name="JavaScript/ECMAScript 6/Convert arrow function to anonymous function" />
    <ignoreAction name="JavaScript/ECMAScript 6/Convert function and its member declarations to class" />
    <ignoreAction name="JavaScript/ECMAScript 6/Convert template string to use visible line separators" />
    <ignoreAction name="JavaScript/ECMAScript 6/Convert to multi-line string template" />
    <ignoreAction name="JavaScript/ECMAScript 6/Create Getter" />
    <ignoreAction name="JavaScript/ECMAScript 6/Create Getter and Setter" />
    <ignoreAction name="JavaScript/ECMAScript 6/Create Setter" />
    <ignoreAction name="JavaScript/ECMAScript 6/Create derived class / Implement interface" />
    <ignoreAction name="JavaScript/ECMAScript 6/Iterate with for..of" />
    <ignoreAction name="JavaScript/ECMAScript 6/Move to a file with matching name" />
    <ignoreAction name="JavaScript/ECMAScript 6/Remove digit separators" />
    <ignoreAction name="JavaScript/ECMAScript 6/Rename file to match type name" />
    <ignoreAction name="JavaScript/ECMAScript 6/Replace string with template string" />
    <ignoreAction name="JavaScript/ECMAScript 6/Separate digits" />
    <ignoreAction name="JavaScript/JSX/Remove braces" />
    <ignoreAction name="JavaScript/JSX/Wrap value with {}" />
    <ignoreAction name="React/Convert to class component" />
    <ignoreAction name="React/Convert to functional component" />
    <ignoreAction name="JavaScript/Control Flow/Add Braces" />
    <ignoreAction name="JavaScript/Control Flow/Remove Braces" />
  </component>
</application>