<application>
  <component name="DependencyUISettings">
    <option name="UI_FILTER_LEGALS" value="true" />
  </component>
  <component name="UISettings">
    <option name="DND_WITH_PRESSED_ALT_ONLY" value="true" />
    <option name="EDITOR_AA_TYPE" value="No antialiasing" />
    <option name="FONT_FACE" value=".SFNSText-Regular" />
    <option name="IDE_AA_TYPE" value="No antialiasing" />
    <option name="MARK_MODIFIED_TABS_WITH_ASTERISK" value="true" />
    <option name="RIGHT_HORIZONTAL_SPLIT" value="true" />
    <option name="SHOW_CLOSE_BUTTON" value="false" />
    <option name="SHOW_MEMORY_INDICATOR" value="true" />
    <option name="WIDESCREEN_SUPPORT" value="true" />
  </component>
</application>